date,cache_api_cleared,all_files_match,local_css,remote_css,local_app_js,remote_app_js,local_manifest_js,remote_manifest_js,local_vendor_js,remote_vendor_js
10-23-2019 09:56PM,True,True,app.45f8154a3d328e420a930f43b9d696e3.css,app.45f8154a3d328e420a930f43b9d696e3.css,app.6dadd02bf4cc7042eb42.js,app.6dadd02bf4cc7042eb42.js,manifest.9d8dfc45635c8d52f8e3.js,manifest.9d8dfc45635c8d52f8e3.js,vendor.9a282a8bab95c95b3433.js,vendor.9a282a8bab95c95b3433.js
10-23-2019 10:01PM,True,False,app.45f8154a3d328e420a930f43b9d696e3.css,app.45f8154a3d328e420a930f43b9d696e3.css,app.f11477e12957ebc84cf9.js,app.6dadd02bf4cc7042eb42.js,manifest.3d770c095eef432adf51.js,manifest.9d8dfc45635c8d52f8e3.js,vendor.9a282a8bab95c95b3433.js,vendor.9a282a8bab95c95b3433.js
10-23-2019 10:01PM,True,True,app.45f8154a3d328e420a930f43b9d696e3.css,app.45f8154a3d328e420a930f43b9d696e3.css,app.f11477e12957ebc84cf9.js,app.f11477e12957ebc84cf9.js,manifest.3d770c095eef432adf51.js,manifest.3d770c095eef432adf51.js,vendor.9a282a8bab95c95b3433.js,vendor.9a282a8bab95c95b3433.js
10-23-2019 10:07PM,True,True,app.45f8154a3d328e420a930f43b9d696e3.css,app.45f8154a3d328e420a930f43b9d696e3.css,app.f11477e12957ebc84cf9.js,app.f11477e12957ebc84cf9.js,manifest.3d770c095eef432adf51.js,manifest.3d770c095eef432adf51.js,vendor.9a282a8bab95c95b3433.js,vendor.9a282a8bab95c95b3433.js
10-23-2019 10:26PM,True,True,app.45f8154a3d328e420a930f43b9d696e3.css,app.45f8154a3d328e420a930f43b9d696e3.css,app.f11477e12957ebc84cf9.js,app.f11477e12957ebc84cf9.js,manifest.3d770c095eef432adf51.js,manifest.3d770c095eef432adf51.js,vendor.9a282a8bab95c95b3433.js,vendor.9a282a8bab95c95b3433.js
10-23-2019 10:27PM,True,True,app.45f8154a3d328e420a930f43b9d696e3.css,app.45f8154a3d328e420a930f43b9d696e3.css,app.f11477e12957ebc84cf9.js,app.f11477e12957ebc84cf9.js,manifest.3d770c095eef432adf51.js,manifest.3d770c095eef432adf51.js,vendor.9a282a8bab95c95b3433.js,vendor.9a282a8bab95c95b3433.js
11-04-2019 12:16PM,True,True,app.45f8154a3d328e420a930f43b9d696e3.css,app.45f8154a3d328e420a930f43b9d696e3.css,app.552c82fb05efa4a5eea1.js,app.552c82fb05efa4a5eea1.js,manifest.fbd3d8676af4359d906c.js,manifest.fbd3d8676af4359d906c.js,vendor.9a282a8bab95c95b3433.js,vendor.9a282a8bab95c95b3433.js
11-04-2019 12:23PM,True,False,app.45f8154a3d328e420a930f43b9d696e3.css,app.45f8154a3d328e420a930f43b9d696e3.css,app.da78794044c637bc5857.js,app.552c82fb05efa4a5eea1.js,manifest.074736c35f97c6e853c5.js,manifest.fbd3d8676af4359d906c.js,vendor.9a282a8bab95c95b3433.js,vendor.9a282a8bab95c95b3433.js
11-04-2019 12:27PM,True,True,app.45f8154a3d328e420a930f43b9d696e3.css,app.45f8154a3d328e420a930f43b9d696e3.css,app.da78794044c637bc5857.js,app.da78794044c637bc5857.js,manifest.074736c35f97c6e853c5.js,manifest.074736c35f97c6e853c5.js,vendor.9a282a8bab95c95b3433.js,vendor.9a282a8bab95c95b3433.js
11-13-2019 02:46PM,True,True,app.45f8154a3d328e420a930f43b9d696e3.css,app.45f8154a3d328e420a930f43b9d696e3.css,app.802ac6a68b7e79710e48.js,app.802ac6a68b7e79710e48.js,manifest.29c83259510ca661775e.js,manifest.29c83259510ca661775e.js,vendor.9a282a8bab95c95b3433.js,vendor.9a282a8bab95c95b3433.js
12-04-2019 09:33PM,True,True,app.45f8154a3d328e420a930f43b9d696e3.css,app.45f8154a3d328e420a930f43b9d696e3.css,app.30066121725eef223b3d.js,app.30066121725eef223b3d.js,manifest.0de16df22ee9acf40885.js,manifest.0de16df22ee9acf40885.js,vendor.9a282a8bab95c95b3433.js,vendor.9a282a8bab95c95b3433.js
12-04-2019 09:33PM,True,False,app.45f8154a3d328e420a930f43b9d696e3.css,app.45f8154a3d328e420a930f43b9d696e3.css,app.30066121725eef223b3d.js,app.802ac6a68b7e79710e48.js,manifest.0de16df22ee9acf40885.js,manifest.29c83259510ca661775e.js,vendor.9a282a8bab95c95b3433.js,vendor.9a282a8bab95c95b3433.js
12-04-2019 09:33PM,True,False,app.45f8154a3d328e420a930f43b9d696e3.css,app.45f8154a3d328e420a930f43b9d696e3.css,app.30066121725eef223b3d.js,app.802ac6a68b7e79710e48.js,manifest.0de16df22ee9acf40885.js,manifest.29c83259510ca661775e.js,vendor.9a282a8bab95c95b3433.js,vendor.9a282a8bab95c95b3433.js
12-06-2019 11:33AM,True,False,app.45f8154a3d328e420a930f43b9d696e3.css,app.45f8154a3d328e420a930f43b9d696e3.css,app.5da5e298a68b259bc5cb.js,app.30066121725eef223b3d.js,manifest.f233549565d62eada29d.js,manifest.0de16df22ee9acf40885.js,vendor.9a282a8bab95c95b3433.js,vendor.9a282a8bab95c95b3433.js
12-06-2019 11:34AM,True,True,app.45f8154a3d328e420a930f43b9d696e3.css,app.45f8154a3d328e420a930f43b9d696e3.css,app.5da5e298a68b259bc5cb.js,app.5da5e298a68b259bc5cb.js,manifest.f233549565d62eada29d.js,manifest.f233549565d62eada29d.js,vendor.9a282a8bab95c95b3433.js,vendor.9a282a8bab95c95b3433.js
01-11-2020 01:10PM,True,False,app.45f8154a3d328e420a930f43b9d696e3.css,app.45f8154a3d328e420a930f43b9d696e3.css,app.b7c12c4aaec38057bdbd.js,app.5da5e298a68b259bc5cb.js,manifest.e37a89a7fa44f2d18f9c.js,manifest.f233549565d62eada29d.js,vendor.9a282a8bab95c95b3433.js,vendor.9a282a8bab95c95b3433.js
01-11-2020 04:54PM,True,False,app.45f8154a3d328e420a930f43b9d696e3.css,app.45f8154a3d328e420a930f43b9d696e3.css,app.6802ef64c7f032b85b1a.js,app.b7c12c4aaec38057bdbd.js,manifest.00919d48b77bca914984.js,manifest.e37a89a7fa44f2d18f9c.js,vendor.9a282a8bab95c95b3433.js,vendor.9a282a8bab95c95b3433.js
01-11-2020 04:57PM,True,False,app.45f8154a3d328e420a930f43b9d696e3.css,app.45f8154a3d328e420a930f43b9d696e3.css,app.6802ef64c7f032b85b1a.js,app.b7c12c4aaec38057bdbd.js,manifest.00919d48b77bca914984.js,manifest.e37a89a7fa44f2d18f9c.js,vendor.9a282a8bab95c95b3433.js,vendor.9a282a8bab95c95b3433.js
01-11-2020 04:58PM,True,False,app.45f8154a3d328e420a930f43b9d696e3.css,app.45f8154a3d328e420a930f43b9d696e3.css,app.6802ef64c7f032b85b1a.js,app.b7c12c4aaec38057bdbd.js,manifest.00919d48b77bca914984.js,manifest.e37a89a7fa44f2d18f9c.js,vendor.9a282a8bab95c95b3433.js,vendor.9a282a8bab95c95b3433.js
01-11-2020 04:58PM,True,True,app.45f8154a3d328e420a930f43b9d696e3.css,app.45f8154a3d328e420a930f43b9d696e3.css,app.6802ef64c7f032b85b1a.js,app.6802ef64c7f032b85b1a.js,manifest.00919d48b77bca914984.js,manifest.00919d48b77bca914984.js,vendor.9a282a8bab95c95b3433.js,vendor.9a282a8bab95c95b3433.js
